{
  "bbnthetastar_sdss_u31": {
    "z_edges": [
      0.04,
      0.1,
      0.4,
      0.6,
      0.8,
      1.1,
      1.6,
      4.2
    ],
    "means": [
      1.0121143502135663,
      1.0850060392178833,
      1.0969840661334356,
      1.2923887438075092,
      1.0667446091279462,
      1.147490831219571,
      0.34037258606810034
    ],
    "cov": [
      [
        0.00790176985755289,
        0.003194037726727666,
        0.004115096949820414,
        0.004241222908022352,
        0.00298013733912714,
        0.0020917836648435494,
        0.0004465998447104327
      ],
      [
        0.003194037726727666,
        0.0027980149901266536,
        0.00248818549357879,
        0.002762196266656638,
        0.0038410369730871854,
        0.0043892483399608296,
        0.004209938882237646
      ],
      [
        0.004115096949820414,
        0.00248818549357879,
        0.009655026238908002,
        0.002983100997347457,
        0.0069108191293520095,
        0.011584987331160994,
        0.013057445006967115
      ],
      [
        0.004241222908022352,
        0.002762196266656638,
        0.002983100997347457,
        0.03314191429892498,
        -0.0032418657769854053,
        0.018573753642707448,
        0.019675829549368775
      ],
      [
        0.00298013733912714,
        0.0038410369730871854,
        0.0069108191293520095,
        -0.0032418657769854053,
        0.3166050690434529,
        0.018193868986572517,
        0.05526605862984032
      ],
      [
        0.0020917836648435494,
        0.0043892483399608296,
        0.011584987331160994,
        0.018573753642707448,
        0.018193868986572517,
        0.5319253686233286,
        0.10258469858308154
      ],
      [
        0.0004465998447104327,
        0.004209938882237646,
        0.013057445006967115,
        0.019675829549368775,
        0.05526605862984032,
        0.10258469858308154,
        0.584907819478972
      ]
    ],
    "stdevs": [
      0.0888918998421841,
      0.052896266315560055,
      0.09825999307402786,
      0.18204920845454114,
      0.5626767002848554,
      0.7293321387566358,
      0.7647926643731436
    ]
  },
  "bbnthetastar_sdss_pp": {
    "z_edges": [
      0.02,
      0.1,
      0.4,
      0.6,
      0.8,
      1.1,
      1.6,
      4.2
    ],
    "means": [
      1.0366835914707337,
      1.0200654959947373,
      1.1420338701386141,
      1.2137642214061257,
      0.6776407257595564,
      0.8582681491004773,
      0.13221202123200004
    ],
    "cov": [
      [
        0.0013961262014807667,
        0.0004561637426724445,
        0.0008518923753474449,
        0.0010542533597673177,
        0.00017551447636024618,
        0.00021070814289186426,
        0.00028984093969795425
      ],
      [
        0.0004561637426724445,
        0.0009238757994695915,
        0.0005911173277071676,
        0.0009089995861128713,
        0.0027763595957702725,
        0.005016993794454335,
        0.004164482565969919
      ],
      [
        0.0008518923753474449,
        0.0005911173277071676,
        0.008090217498565283,
        0.00016757746150036467,
        0.003923382594410847,
        0.011645585290633373,
        0.012791942596033033
      ],
      [
        0.0010542533597673177,
        0.0009089995861128713,
        0.00016757746150036467,
        0.03230607015602072,
        -0.0005312402569071527,
        0.019435511096210476,
        0.022222033461885064
      ],
      [
        0.00017551447636024618,
        0.0027763595957702725,
        0.003923382594410847,
        -0.0005312402569071527,
        0.3082687096463346,
        0.017952306131740915,
        0.04906311184438868
      ],
      [
        0.00021070814289186426,
        0.005016993794454335,
        0.011645585290633373,
        0.019435511096210476,
        0.017952306131740915,
        0.5389492600848318,
        0.103085072784034
      ],
      [
        0.00028984093969795425,
        0.004164482565969919,
        0.012791942596033033,
        0.022222033461885064,
        0.04906311184438868,
        0.103085072784034,
        0.5074062894924649
      ]
    ],
    "stdevs": [
      0.03736477219896793,
      0.030395325289747956,
      0.08994563635088298,
      0.17973889438855667,
      0.5552195148284457,
      0.7341316367551747,
      0.7123245675199368
    ]
  },
  "bbnthetastar_sdss_dd": {
    "z_edges": [
      0.03,
      0.1,
      0.4,
      0.6,
      0.8,
      1.1,
      1.6,
      4.2
    ],
    "means": [
      1.0605329299897346,
      1.060587662856419,
      1.0433668014047432,
      1.1384969401574356,
      1.8156229214893393,
      1.0369510734892862,
      0.24015407181934814
    ],
    "cov": [
      [
        0.0027586266289374756,
        0.0002465347253562079,
        0.0010553997347765255,
        0.001193974454308943,
        0.0006214155609408295,
        0.0005647766041706444,
        -0.0006222156398904246
      ],
      [
        0.0002465347253562079,
        0.000981724758869532,
        0.00025461262572354403,
        0.000763773134060222,
        0.0028154052670560223,
        0.004447307726185947,
        0.004374301219300198
      ],
      [
        0.0010553997347765255,
        0.00025461262572354403,
        0.00527317738635241,
        -0.00041896045670800677,
        0.006020139215168228,
        0.011958787227920955,
        0.012052014421336223
      ],
      [
        0.001193974454308943,
        0.000763773134060222,
        -0.00041896045670800677,
        0.023120376148026808,
        -0.005182413454440507,
        0.023131059998932342,
        0.022152802797002314
      ],
      [
        0.0006214155609408295,
        0.0028154052670560223,
        0.006020139215168228,
        -0.005182413454440507,
        0.3020027654932376,
        0.03289848816377908,
        0.047206031444997555
      ],
      [
        0.0005647766041706444,
        0.004447307726185947,
        0.011958787227920955,
        0.023131059998932342,
        0.03289848816377908,
        0.5463594596556423,
        0.10660429942320221
      ],
      [
        -0.0006222156398904246,
        0.004374301219300198,
        0.012052014421336223,
        0.022152802797002314,
        0.047206031444997555,
        0.10660429942320221,
        0.5406883810326335
      ]
    ],
    "stdevs": [
      0.05252262968414163,
      0.03133248727550259,
      0.07261664675783652,
      0.15205385936577476,
      0.5495477827206999,
      0.7391613218071156,
      0.7353151576246973
    ]
  },
  "bbnthetastar_desi_u31": {
    "z_edges": [
      0.04,
      0.1,
      0.4,
      0.6,
      0.8,
      1.1,
      1.6,
      4.2
    ],
    "means": [
      1.011360695328681,
      1.0960419571075848,
      1.120196472977922,
      1.339612061094624,
      1.023381555336598,
      1.0037309579936433,
      1.1002555121373403
    ],