{
  "bbnthetastar_sdss_u31": {
    "z_edges": [
      0.0,
      0.1,
      0.4,
      0.6,
      0.8,
      1.1,
      1.6,
      4.2
    ],
    "means": [
      -0.46645968648738717,
      -1.13442177608154,
      -0.501830595292952,
      -1.2465852297562146,
      -1.5593446660647827,
      -1.4959473710152593,
      -1.672167853920842
    ],
    "cov": [
      [
        0.059015322749703336,
        -0.018615861972874983,
        0.025321470172992144,
        -0.014861165363659761,
        -0.006985914617643326,
        -0.001042695019845411,
        0.007053667526042298
      ],
      [
        -0.018615861972874983,
        0.012803476138425135,
        -0.024106986420052556,
        0.019814530175185554,
        0.006502342139874165,
        0.007121140200681193,
        -0.0009343174432952885
      ],
      [
        0.025321470172992144,
        -0.024106986420052556,
        0.15190819954163626,
        -0.2061474911165728,
        0.02950204025676045,
        0.006963225089715363,
        0.005640154245763133
      ],
      [
        -0.014861165363659761,
        0.019814530175185554,
        -0.2061474911165728,
        0.7197435533208197,
        -0.16644572761372683,
        -0.04334574844954725,
        -0.012158962818225231
      ],
      [
        -0.006985914617643326,
        0.006502342139874165,
        0.02950204025676045,
        -0.16644572761372683,
        0.9700891252906574,
        -0.2777803913027491,
        -0.0820483418967159
      ],
      [
        -0.001042695019845411,
        0.007121140200681193,
        0.006963225089715363,
        -0.04334574844954725,
        -0.2777803913027491,
        0.9874868793954255,
        -0.26348823004366406
      ],
      [
        0.007053667526042298,
        -0.0009343174432952885,
        0.005640154245763133,
        -0.012158962818225231,
        -0.0820483418967159,
        -0.26348823004366406,
        0.917571320057802
      ]
    ],
    "stdevs": [
      0.24293069536331413,
      0.11315244645355722,
      0.38975402440723594,
      0.8483770113109028,
      0.9849310256513688,
      0.9937237440030431,
      0.9578994310770844
    ]
  },
  "bbnthetastar_sdss_pp": {
    "z_edges": [
      0.0,
      0.1,
      0.4,
      0.6,
      0.8,
      1.1,
      1.6,
      4.2
    ],
    "means": [
      -0.8735472975689671,
      -1.0509247665767523,
      -0.4448302786633967,
      -1.5583588889325375,
      -1.7501278133483793,
      -1.4004702956892914,
      -1.6358779895089508
    ],
    "cov": [
      [
        0.017092016213983537,
        -0.009060122101077383,
        0.014066022104656847,
        -0.00749941056430302,
        0.0035650975053275503,
        0.003923108759205639,
        -0.0014061505673407272
      ],
      [
        -0.009060122101077383,
        0.009981166232158476,
        -0.0211613656198857,
        0.014574117903632526,
        0.006155180072115457,
        0.0016509034121177395,
        0.0022650845418738107
      ],
      [
        0.014066022104656847,
        -0.0211613656198857,
        0.137643371731117,
        -0.1739585024064599,
        0.0005441057971826319,
        0.015018068782734277,
        -0.00331516996570171
      ],
      [
        -0.00749941056430302,
        0.014574117903632526,
        -0.1739585024064599,
        0.6737036031196666,
        -0.13279766313141253,
        -0.03498041197613659,
        -0.004884074694613459
      ],
      [
        0.0035650975053275503,
        0.006155180072115457,
        0.0005441057971826319,
        -0.13279766313141253,
        0.8360949382654388,
        -0.21628180039134334,
        -0.06834048029577841
      ],
      [
        0.003923108759205639,
        0.0016509034121177395,
        0.015018068782734277,
        -0.03498041197613659,
        -0.21628180039134334,
        1.0010962521094164,
        -0.2747025358546176
      ],
      [
        -0.0014061505673407272,
        0.0022650845418738107,
        -0.00331516996570171,
        -0.004884074694613459,
        -0.06834048029577841,
        -0.2747025358546176,
        0.9109441310962623
      ]
    ],
    "stdevs": [
      0.1307364379734416,
      0.0999057867801384,
      0.3710031963893532,
      0.8207944950593093,
      0.9143822714081014,
      1.000547975915906,
      0.9544339322846094
    ]
  },
  "bbnthetastar_sdss_dd": {
    "z_edges": [
      0.0,
      0.1,
      0.4,
      0.6,
      0.8,
      1.1,
      1.6,
      4.2
    ],
    "means": [
      -0.6161620643974337,
      -1.1252371983198437,
      -0.9060302400923763,
      -0.22443268616538806,
      -1.2457471112674519,
      -1.7666867166268005,
      -1.7612553645185876
    ],
    "cov": [
      [
        0.029663518074776254,
        -0.015517203239279832,
        0.024590095415896147,
        -0.012103906980110183,
        0.0011031195977575503,
        -0.000543920640041459,
        -0.00012340641336565757
      ],
      [
        -0.015517203239279832,
        0.013576103083436687,
        -0.027840676991980576,
        0.021193270013878683,
        0.011145345581897373,
        0.002370189871895729,
        -0.0005179775207391419
      ],
      [
        0.024590095415896147,
        -0.027840676991980576,
        0.12697276444886654,
        -0.1598571082323381,
        0.03635453214571667,
        0.0027049622319319016,
        0.013689288444013148
      ],
      [
        -0.012103906980110183,
        0.021193270013878683,
        -0.1598571082323381,
        0.5289278434768189,
        -0.18480631913573786,
        0.006612999425741361,
        -0.022673795064941504
      ],
      [
        0.0011031195977575503,
        0.011145345581897373,
        0.03635453214571667,
        -0.18480631913573786,
        1.1334334601037372,
        -0.363037464228112,
        -0.11304522585005662
      ],
      [
        -0.000543920640041459,
        0.002370189871895729,
        0.0027049622319319016,
        0.006612999425741361,
        -0.363037464228112,
        0.7934928847062304,
        -0.1899389014986587
      ],
      [
        -0.00012340641336565757,
        -0.0005179775207391419,
        0.013689288444013148,
        -0.022673795064941504,
        -0.11304522585005662,
        -0.1899389014986587,
        0.7728619373307127
      ]
    ],
    "stdevs": [
      0.172231002072148,
      0.11651653566527237,
      0.35633237917549193,
      0.7272742560250699,
      1.0646283201679998,
      0.8907821757905972,
      0.8791256664042477
    ]
  },
  "bbnthetastar_desi_u31": {
    "z_edges": [
      0.0,
      0.1,
      0.4,
      0.6,
      0.8,
      1.1,
      1.6,
      4.2
    ],
    "means": [
      -0.42077688143368563,
      -1.1519357880455918,
      -0.2506968710300667,
      -1.3894169833167203,
      -1.7116017229736402,
      -0.8652552511620825,
      -1.320756873660851
    ],