{
  "H0": 70.0,
  "rs_drag": 147.114198385975,
  "sigma8": 0.8300078847644567
}